{
  "BlazeDemo Request" : {
    "transaction" : "BlazeDemo Request",
    "sampleCount" : 1000,
    "errorCount" : 15,
    "errorPct" : 1.5,
    "meanResTime" : 1335.4209999999996,
    "medianResTime" : 297.0,
    "minResTime" : 219.0,
    "maxResTime" : 10573.0,
    "pct1ResTime" : 4621.099999999998,
    "pct2ResTime" : 10219.85,
    "pct3ResTime" : 10389.9,
    "throughput" : 9.827623484089077,
    "receivedKBytesPerSec" : 30.54586613302671,
    "sentKBytesPerSec" : 1.103688184248285
  },
  "Total" : {
    "transaction" : "Total",
    "sampleCount" : 1000,
    "errorCount" : 15,
    "errorPct" : 1.5,
    "meanResTime" : 1335.4209999999996,
    "medianResTime" : 297.0,
    "minResTime" : 219.0,
    "maxResTime" : 10573.0,
    "pct1ResTime" : 4621.099999999998,
    "pct2ResTime" : 10219.85,
    "pct3ResTime" : 10389.9,
    "throughput" : 9.827623484089077,
    "receivedKBytesPerSec" : 30.54586613302671,
    "sentKBytesPerSec" : 1.103688184248285
  }
}