{
  "HTTP Request-3" : {
    "transaction" : "HTTP Request-3",
    "sampleCount" : 100,
    "errorCount" : 0,
    "errorPct" : 0.0,
    "meanResTime" : 260.37,
    "medianResTime" : 176.0,
    "minResTime" : 136.0,
    "maxResTime" : 3928.0,
    "pct1ResTime" : 341.6000000000004,
    "pct2ResTime" : 667.7499999999998,
    "pct3ResTime" : 3901.239999999986,
    "throughput" : 1.1164327740005136,
    "receivedKBytesPerSec" : 43.052438847394804,
    "sentKBytesPerSec" : 0.15263729332038273
  },
  "HTTP Request-2" : {
    "transaction" : "HTTP Request-2",
    "sampleCount" : 100,
    "errorCount" : 0,
    "errorPct" : 0.0,
    "meanResTime" : 243.08,
    "medianResTime" : 168.5,
    "minResTime" : 133.0,
    "maxResTime" : 1847.0,
    "pct1ResTime" : 244.8,
    "pct2ResTime" : 752.5999999999965,
    "pct3ResTime" : 1843.8799999999983,
    "throughput" : 1.1174807513940574,
    "receivedKBytesPerSec" : 31.626669586085132,
    "sentKBytesPerSec" : 0.15059799188708975
  },
  "HTTP Request-5" : {
    "transaction" : "HTTP Request-5",
    "sampleCount" : 100,
    "errorCount" : 0,
    "errorPct" : 0.0,
    "meanResTime" : 207.71000000000004,
    "medianResTime" : 137.0,
    "minResTime" : 129.0,
    "maxResTime" : 1553.0,
    "pct1ResTime" : 210.70000000000002,
    "pct2ResTime" : 923.5499999999977,
    "pct3ResTime" : 1552.1799999999996,
    "throughput" : 1.1122975618437445,
    "receivedKBytesPerSec" : 4.417689632830575,
    "sentKBytesPerSec" : 0.15315816037106247
  },
  "HTTP Request-4" : {
    "transaction" : "HTTP Request-4",
    "sampleCount" : 100,
    "errorCount" : 0,
    "errorPct" : 0.0,
    "meanResTime" : 387.92,
    "medianResTime" : 340.5,
    "minResTime" : 247.0,
    "maxResTime" : 1236.0,
    "pct1ResTime" : 500.7000000000003,
    "pct2ResTime" : 807.7999999999988,
    "pct3ResTime" : 1235.1599999999996,
    "throughput" : 1.1164452383610584,
    "receivedKBytesPerSec" : 138.21134133917607,
    "sentKBytesPerSec" : 0.151548718879089
  },
  "HTTP Request-1" : {
    "transaction" : "HTTP Request-1",
    "sampleCount" : 100,
    "errorCount" : 0,
    "errorPct" : 0.0,
    "meanResTime" : 43.929999999999986,
    "medianResTime" : 43.0,
    "minResTime" : 18.0,
    "maxResTime" : 111.0,
    "pct1ResTime" : 75.2000000000001,
    "pct2ResTime" : 91.84999999999997,
    "pct3ResTime" : 110.87999999999994,
    "throughput" : 1.1179429849077698,
    "receivedKBytesPerSec" : 91.42852152040246,
    "sentKBytesPerSec" : 0.17140336780324203
  },
  "Total" : {
    "transaction" : "Total",
    "sampleCount" : 700,
    "errorCount" : 0,
    "errorPct" : 0.0,
    "meanResTime" : 429.16999999999996,
    "medianResTime" : 230.0,
    "minResTime" : 18.0,
    "maxResTime" : 8391.0,
    "pct1ResTime" : 1149.9,
    "pct2ResTime" : 1320.5999999999995,
    "pct3ResTime" : 3431.2500000000045,
    "throughput" : 7.628346937218705,
    "receivedKBytesPerSec" : 609.3241727330187,
    "sentKBytesPerSec" : 1.7666093632509834
  },
  "HTTP Request-0" : {
    "transaction" : "HTTP Request-0",
    "sampleCount" : 100,
    "errorCount" : 0,
    "errorPct" : 0.0,
    "meanResTime" : 356.9100000000001,
    "medianResTime" : 266.0,
    "minResTime" : 222.0,
    "maxResTime" : 2087.0,
    "pct1ResTime" : 529.2,
    "pct2ResTime" : 909.2999999999996,
    "pct3ResTime" : 2077.759999999995,
    "throughput" : 1.1121243799906582,
    "receivedKBytesPerSec" : 3.5058852232033626,
    "sentKBytesPerSec" : 0.12489678095598211
  },
  "HTTP Request" : {
    "transaction" : "HTTP Request",
    "sampleCount" : 100,
    "errorCount" : 0,
    "errorPct" : 0.0,
    "meanResTime" : 1504.2700000000004,
    "medianResTime" : 1177.5,
    "minResTime" : 910.0,
    "maxResTime" : 8391.0,
    "pct1ResTime" : 1978.800000000001,
    "pct2ResTime" : 4546.5499999999865,
    "pct3ResTime" : 8367.449999999988,
    "throughput" : 1.0897638481741008,
    "receivedKBytesPerSec" : 304.66208636650936,
    "sentKBytesPerSec" : 0.8833046816254917
  }
}